{"official {topic} statistics India 2025": 0.40000000000000024, "{topic} government report data 2024-25": 0.30000000000000016, "economic impact of {topic} India analysis": 0.30000000000000016, "{topic} budget allocation 2025 vs 2024": 0.30000000000000016}